"","Program","Study","Published","Year","Table","IndependentEvaluator","Topic","Design","Grade","Grade.Band","Duration","Duration.Band","Non-US","Low.SES","High.Minority","Treatment.Cluster","Control.Cluster","Total.Cluster","Treatment.N","Control.N","Outcome.Domain","Posttest","Group","Effect.Size","ESId","StudyID","ProgramID","Clustered","Randomized","journal","NCES","Upper","Lower","Mixed","Dur.One","Dur.Less","Dur.More","old","minority.high","minority.low","minority.nr","ses.high","ses.low","ses.nr","outcome.achieve","outcome.comprehension","outcome.alphabetics","outcome.fluency","comp.assist","benchmark","supp.curric","pd","coop.learn","curr.instruct","sel","core.basal","early.child","cluster","student"
"7","ABRACADABRA","Savage et al. (2013)","1",2013,"3",NA,"Supplemental Curricula","Cluster randomized","K, 1, 2","Lower","1 semester","Less than 1 year","1","N","NR",23,23,NA,363,328,"Comprehension","GRADE Passage Comprehension",NA,-0.01,7,1,1,1,1,1,0,0,1,0,0,1,0,0,0,0,1,1,0,0,0,1,0,0,0,0,1,0,0,0,0,0,0,1,0
"8","ABRACADABRA","Savage et al. (2013)","1",2013,"3",NA,"Supplemental Curricula","Cluster randomized","K, 1, 2","Lower","1 semester","Less than 1 year","1","N","NR",23,23,NA,363,328,"Comprehension","GRADE Sentence Comprehension","Grade 1/2",0.04,8,1,1,1,1,1,0,0,1,0,0,1,0,0,0,0,1,1,0,0,0,1,0,0,0,0,1,0,0,0,0,0,0,1,0
"9","ABRACADABRA","Savage et al. (2013)","1",2013,"3",NA,"Supplemental Curricula","Cluster randomized","K, 1, 2","Lower","1 semester","Less than 1 year","1","N","NR",25,25,NA,395,356,"Comprehension","DIBELS Reading Retell","Grade 1/2",-0.02,9,1,1,1,1,1,0,0,1,0,0,1,0,0,0,0,1,1,0,0,0,1,0,0,0,0,1,0,0,0,0,0,0,1,0
"10","ABRACADABRA","Savage et al. (2013)","1",2013,"3",NA,"Supplemental Curricula","Cluster randomized","K, 1, 2","Lower","1 semester","Less than 1 year","1","N","NR",37,37,NA,549,518,"Alphabetics","CTOPP Blending Words","K & Grade 1/2",0.3,10,1,1,1,1,1,0,0,1,0,0,1,0,0,0,0,1,1,0,0,0,0,1,0,0,0,1,0,0,0,0,0,0,1,0
"11","ABRACADABRA","Savage et al. (2013)","1",2013,"3",NA,"Supplemental Curricula","Cluster randomized","K, 1, 2","Lower","1 semester","Less than 1 year","1","N","NR",37,37,NA,549,518,"Alphabetics","DIBELS Phonemic Segmentation","K & Grade 1/2",0.23,11,1,1,1,1,1,0,0,1,0,0,1,0,0,0,0,1,1,0,0,0,0,1,0,0,0,1,0,0,0,0,0,0,1,0
"12","ABRACADABRA","Savage et al. (2013)","1",2013,"3",NA,"Supplemental Curricula","Cluster randomized","K, 1, 2","Lower","1 semester","Less than 1 year","1","N","NR",25,25,NA,395,356,"Fluency","DIBELS Reading Fluency","Grade 1/2",-0.08,12,1,1,1,1,1,0,0,1,0,0,1,0,0,0,0,1,1,0,0,0,0,0,1,0,0,1,0,0,0,0,0,0,1,0
"13","ABRACADABRA","Wolgemuth et al. (2013)","1",2013,"3",NA,"Supplemental Curricula","Student randomized","K, 1, 2","Lower","16 weeks","Less than 1 year","1","NR","N",6,6,NA,156,135,"Achievement","PIPS-BLA Reading",NA,0.09,13,2,1,0,1,1,0,0,1,0,0,1,0,0,0,1,0,0,0,1,1,0,0,0,0,0,1,0,0,0,0,0,0,0,0
"14","ABRACADABRA","Wolgemuth et al. (2013)","1",2013,"3",NA,"Supplemental Curricula","Student randomized","K, 1, 2","Lower","16 weeks","Less than 1 year","1","NR","N",6,6,NA,163,145,"Alphabetics","GRADE K phonological awareness",NA,0.29,14,2,1,0,1,1,0,0,1,0,0,1,0,0,0,1,0,0,0,1,0,0,1,0,0,0,1,0,0,0,0,0,0,0,0
"15","ABRACADABRA","Wolgemuth et al. (2013)","1",2013,"3",NA,"Supplemental Curricula","Student randomized","K, 1, 2","Lower","16 weeks","Less than 1 year","1","NR","N",6,6,NA,163,145,"Comprehension","GRADE K word reading",NA,0.17,15,2,1,0,1,1,0,0,1,0,0,1,0,0,0,1,0,0,0,1,0,1,0,0,0,0,1,0,0,0,0,0,0,0,0
"16","ABRACADABRA","Wolgemuth et al. (2013)","1",2013,"3",NA,"Supplemental Curricula","Student randomized","K, 1, 2","Lower","16 weeks","Less than 1 year","1","NR","N",6,6,NA,156,135,"Alphabetics","PIPS-BLA Phonics",NA,0.09,16,2,1,0,1,1,0,0,1,0,0,1,0,0,0,1,0,0,0,1,0,0,1,0,0,0,1,0,0,0,0,0,0,0,0
"17","Academy of Reading","Campuzano et al. (2009)","NCEE",2009,"3",NA,"Supplemental Curricula","Cluster randomized","4","Upper","1 year","One year","0","N","Y",22,19,NA,495,404,"Achievement","SAT-10",NA,-0.01,17,3,2,1,1,0,1,1,0,0,1,0,0,1,1,0,0,1,0,0,1,0,0,0,0,0,1,0,0,0,0,0,0,1,0
"20","Achieve3000","Hill & Lenard (2016)","0",2016,"3",NA,"Supplemental Curricula","Cluster randomized","2-5","Mixed","1 year","One year",NA,"N","N",16,16,NA,16619,18013,"Achievement","EOG Lexile",NA,0,20,4,3,1,1,0,0,0,0,1,1,0,0,0,0,1,0,1,0,0,1,0,0,0,0,0,1,0,0,0,0,0,0,1,0
"21","Achieve3000","Hill & Lenard (2016)","0",2016,"3",NA,"Supplemental Curricula","Cluster randomized","2-5","Mixed","1 year","One year",NA,"N","N",16,16,NA,16619,18013,"Achievement","DIBELS ORF",NA,0.03,21,4,3,1,1,0,0,0,0,1,1,0,0,0,0,1,0,1,0,0,1,0,0,0,0,0,1,0,0,0,0,0,0,1,0
"22","Achieve3000","Shannon & Grant (2015)","0",2015,"3",NA,"Supplemental Curricula","Cluster randomized","3","Upper","1 year","One year","0","N","N",6,7,NA,127,143,"Comprehension","GMRT
   Comprehension","3",0.02,22,5,3,1,1,0,0,1,0,0,1,0,0,0,0,1,0,1,0,0,0,1,0,0,0,0,1,0,0,0,0,0,0,1,0
"23","Achieve3000","Shannon & Grant (2015)","0",2015,"3",NA,"Supplemental Curricula","Cluster randomized","3","Upper","1 year","One year","0","N","N",6,7,NA,127,143,"Alphabetics","GMRT
   Vocabulary","3",-0.02,23,5,3,1,1,0,0,1,0,0,1,0,0,0,0,1,0,1,0,0,0,0,1,0,0,0,1,0,0,0,0,0,0,1,0
"24","Achieve3000","Tracey & Young (2004)","0",2004,"3",NA,"Supplemental Curricula","Cluster quasi-experiment","5","Upper","1 year","One year","0","N","N",4,4,NA,84,84,"Alphabetics","TerraNova Vocabulary","Differentiated",0,24,6,3,1,0,0,0,1,0,0,1,0,0,1,0,1,0,1,0,0,0,0,1,0,0,0,1,0,0,0,0,0,0,1,0
"25","Achieve3000","Tracey & Young (2004)","0",2004,"3",NA,"Supplemental Curricula","Cluster quasi-experiment","5","Upper","1 year","One year","0","N","N",4,4,NA,84,84,"Achievement","SRI","Differentiated",0.31,25,6,3,1,0,0,0,1,0,0,1,0,0,1,0,1,0,1,0,0,1,0,0,0,0,0,1,0,0,0,0,0,0,1,0
"26","Achieve3000","Tracey & Young (2004)","0",2004,"3",NA,"Supplemental Curricula","Cluster quasi-experiment","5","Upper","1 year","One year","0","N","N",3,4,NA,51,84,"Achievement","SRI","Undifferentiated",0.17,26,6,3,1,0,0,0,1,0,0,1,0,0,1,0,1,0,1,0,0,1,0,0,0,0,0,1,0,0,0,0,0,0,1,0
"27","Achieve3000","Tracey & Young (2004)","0",2004,"3",NA,"Supplemental Curricula","Cluster quasi-experiment","5","Upper","1 year","One year","0","N","N",3,4,NA,51,84,"Alphabetics","TerraNova Vocabulary","Undifferentiated",-0.23,27,6,3,1,0,0,0,1,0,0,1,0,0,1,0,1,0,1,0,0,0,0,1,0,0,0,1,0,0,0,0,0,0,1,0
"28","Achieve3000","Tracey & Young (2004)","0",2004,"3",NA,"Supplemental Curricula","Cluster quasi-experiment","5","Upper","1 year","One year","0","N","N",3,4,NA,51,84,"Comprehension","TerraNova Reading","Undifferentiated",-0.26,28,6,3,1,0,0,0,1,0,0,1,0,0,1,0,1,0,1,0,0,0,1,0,0,0,0,1,0,0,0,0,0,0,1,0
"29","Achieve3000","Tracey & Young (2004)","0",2004,"3",NA,"Supplemental Curricula","Cluster quasi-experiment","5","Upper","1 year","One year","0","N","N",4,4,NA,84,84,"Comprehension","TerraNova Reading","Differentiated",0.02,29,6,3,1,0,0,0,1,0,0,1,0,0,1,0,1,0,1,0,0,0,1,0,0,0,0,1,0,0,0,0,0,0,1,0
"30","Achievement for All","Humphrey et al., (2020)","EEF",2020,"?",NA,"Teacher-Focused Intervention","Cluster randomized","4","Upper","2 years","More than 1 year","1","NR","NR",66,68,NA,2764,3049,"Achievement","Key Stage 2 (KS2) English reading marks",NA,-0.12,30,7,4,1,1,0,0,1,0,0,0,0,1,0,0,0,1,0,0,1,1,0,0,0,0,0,0,0,0,0,0,0,0,1,0
"31","Achievement Network ANet","West, Morton & Herlihy (2016)","0",2016,"9",NA,"Benchmark","Cluster randomized","3-5","Upper","2 years","More than 1 year","0","NR","NR",45,44,NA,7298,5910,"Achievement","State tests",NA,-0.07,31,8,5,1,1,0,0,1,0,0,0,0,1,0,0,0,1,0,0,1,1,0,0,0,0,1,0,0,0,0,0,0,0,1,0
"32","Acuity","Konstantopoulos, Miller, & van der Ploeg (2013)","1",2013,"9",NA,"Benchmark","Cluster randomized","3-6","Upper","1 year","One year","0","NR","NR",34,23,"57",2029,1410,"Achievement","ISTEP+","3rd",0.16,32,9,6,1,1,1,0,1,0,0,1,0,0,0,0,0,1,0,0,1,1,0,0,0,0,1,0,0,0,0,0,0,0,1,0
"33","Acuity","Konstantopoulos, Miller, & van der Ploeg (2013)","1",2013,"9",NA,"Benchmark","Cluster randomized","3-6","Upper","1 year","One year","0","NR","NR",33,23,"56",1928,1340,"Achievement","ISTEP+","5th",0.13,33,9,6,1,1,1,0,1,0,0,1,0,0,0,0,0,1,0,0,1,1,0,0,0,0,1,0,0,0,0,0,0,0,1,0
"34","Acuity","Konstantopoulos, Miller, & van der Ploeg (2013)","1",2013,"9",NA,"Benchmark","Cluster randomized","3-6","Upper","1 year","One year","0","NR","NR",34,23,"57",2025,1407,"Achievement","ISTEP+","4th",0.14,34,9,6,1,1,1,0,1,0,0,1,0,0,0,0,0,1,0,0,1,1,0,0,0,0,1,0,0,0,0,0,0,0,1,0
"35","Acuity","Konstantopoulos, Miller, van der Ploeg, & Li (2016)","1",2016,"9",NA,"Benchmark","Cluster randomized","3-8","Upper","1 year","One year","0","N","N",35,35,"70",4124,4124,"Achievement","ISTEP+","4th",-0.03,35,10,6,1,1,1,0,1,0,0,1,0,0,0,0,1,0,1,0,0,1,0,0,0,0,1,0,0,0,0,0,0,0,1,0
"36","Acuity","Konstantopoulos, Miller, van der Ploeg, & Li (2016)","1",2016,"9",NA,"Benchmark","Cluster randomized","3-8","Upper","1 year","One year","0","N","N",35,35,"70",4124,4124,"Achievement","ISTEP+","3rd",0.1,36,10,6,1,1,1,0,1,0,0,1,0,0,0,0,1,0,1,0,0,1,0,0,0,0,1,0,0,0,0,0,0,0,1,0
"37","Acuity","Konstantopoulos, Miller, van der Ploeg, & Li (2016)","1",2016,"9",NA,"Benchmark","Cluster randomized","3-8","Upper","1 year","One year","0","N","N",35,35,"70",4124,4124,"Achievement","ISTEP+","5th",0.15,37,10,6,1,1,1,0,1,0,0,1,0,0,0,0,1,0,1,0,0,1,0,0,0,0,1,0,0,0,0,0,0,0,1,0
"39","Arts for Learning","Nakamoto, J., Sobolew-Shubin, S., Orland, M., & WestEd. (2015)","0",2015,"3",NA,"Supplemental Curricula","Cluster randomized","3-5","Upper","3 years","More than 1 year","0","N","N",16,16,NA,1077,1208,"Achievement","OAKS",NA,0.05,39,11,7,1,1,0,0,1,0,0,0,0,1,0,0,1,0,1,0,0,1,0,0,0,0,0,1,0,0,0,0,0,0,1,0
"44","Children's Literacy Initiative","Parkinson et al. (2015)","0",2015,"7",NA,"Teacher-Focused Intervention","Cluster randomized","K-2","Lower","2 Years (cohort 1)","More than 1 year",NA,"Y","Y",38,37,NA,2189,1884,"Comprehension","GRADE
2 year cohort (K-1)",NA,0.06,44,12,8,1,1,0,0,0,1,0,0,0,1,0,1,0,0,0,1,0,0,1,0,0,0,0,0,0,0,0,0,0,0,1,0
"45","Children's Literacy Initiative","Parkinson et al. (2015)","0",2015,"7",NA,"Teacher-Focused Intervention","Cluster randomized","K-2","Lower","2 Years (cohort 1)","More than 1 year",NA,"Y","Y",39,38,NA,1945,1812,"Comprehension","GRADE
3 year cohort (K-2)",NA,0.14,45,12,8,1,1,0,0,0,1,0,0,0,1,0,1,0,0,0,1,0,0,1,0,0,0,0,0,0,0,0,0,0,0,1,0
"47","Collaborative Strategic Reading","Boardman et al (2016)","1",2016,"4",NA,"Cooperative Learning Programs","Cluster randomized","4,5","Upper","14 weeks","Less than 1 year",NA,"NR","Y",31,29,NA,670,683,"Achievement","GMRT",NA,-0.03,47,13,9,1,1,1,0,1,0,0,0,1,0,0,1,0,0,0,0,1,1,0,0,0,0,0,0,0,1,0,0,0,0,1,0
"48","Collaborative Strategic Reading","Hitchcock, Dimino, Kurki, Wilkins, & Gersten (2011)","NCEE",2011,"4",NA,"Cooperative Learning Programs","Cluster randomized","5","Upper","1 year","One year",NA,"N","Y",37,37,NA,681,674,"Comprehension","GRADE",NA,0.05,48,14,9,1,1,0,1,1,0,0,1,0,0,0,1,0,0,1,0,0,0,1,0,0,0,0,0,0,1,0,0,0,0,1,0
"53","Content-Focused Coaching","Matsumura, L. C., Garnier, H. E., & Spybrook, J. (2013)","1",2013,"7",NA,"Teacher-Focused Intervention","Cluster randomized","4, 5","Upper","2 years","More than 1 year",NA,"Y","Y",15,14,NA,1543,1440,"Achievement","state standardized test","4",-0.07,53,15,10,1,1,1,0,1,0,0,0,0,1,0,1,0,0,0,1,0,1,0,0,0,0,0,0,0,0,0,0,0,0,1,0
"54","Content-Focused Coaching","Matsumura, L. C., Garnier, H. E., & Spybrook, J. (2013)","1",2013,"7",NA,"Teacher-Focused Intervention","Cluster randomized","4, 5","Upper","2 years","More than 1 year",NA,"Y","Y",15,14,NA,1543,1440,"Achievement","state standardized test","5",-0.05,54,15,10,1,1,1,0,1,0,0,0,0,1,0,1,0,0,0,1,0,1,0,0,0,0,0,0,0,0,0,0,0,0,1,0
"64","Cooperative Integrated Reading and Competition","Bramlett (1994)","1",1994,"4",NA,"Cooperative Learning Programs","Cluster quasi-experiment","3","Upper","1 year","One year","0","NR","NR",9,9,NA,198,194,"Alphabetics","CAT Vocabulary",NA,0.03,64,16,12,1,0,1,0,1,0,0,1,0,0,1,0,0,1,0,0,1,0,0,1,0,0,0,0,0,1,0,0,0,0,1,0
"65","Cooperative Integrated Reading and Competition","Bramlett (1994)","1",1994,"4",NA,"Cooperative Learning Programs","Cluster quasi-experiment","3","Upper","1 year","One year","0","NR","NR",9,9,NA,198,194,"Achievement","CAT Word Analysis",NA,0.1,65,16,12,1,0,1,0,1,0,0,1,0,0,1,0,0,1,0,0,1,1,0,0,0,0,0,0,0,1,0,0,0,0,1,0
"66","Cooperative Integrated Reading and Competition","Bramlett (1994)","1",1994,"4",NA,"Cooperative Learning Programs","Cluster quasi-experiment","3","Upper","1 year","One year","0","NR","NR",9,9,NA,198,194,"Comprehension","CAT
Comprehension",NA,0.1,66,16,12,1,0,1,0,1,0,0,1,0,0,1,0,0,1,0,0,1,0,1,0,0,0,0,0,0,1,0,0,0,0,1,0
"67","Cooperative Integrated Reading and Competition","Hanselman, P., & Borman, G. D. (2013)","1",2013,"4",NA,"Cooperative Learning Programs","Cluster randomized","3-4","Upper","2 years","More than 1 year",NA,"Y","Y",14,16,NA,842,849,"Comprehension","GRADE","4-5",-0.08,67,17,12,1,1,1,0,1,0,0,0,0,1,0,1,0,0,0,1,0,0,1,0,0,0,0,0,0,1,0,0,0,0,1,0
"68","Cooperative Integrated Reading and Competition","Hanselman, P., & Borman, G. D. (2013)","1",2013,"4",NA,"Cooperative Learning Programs","Cluster randomized","3-4","Upper","2 years","More than 1 year",NA,"Y","Y",13,13,NA,874,869,"Comprehension","GRADE","3-4",0.07,68,17,12,1,1,1,0,1,0,0,0,0,1,0,1,0,0,0,1,0,0,1,0,0,0,0,0,0,1,0,0,0,0,1,0
"69","Cooperative Integrated Reading and Competition","Stevens & Slavin (1995a)","1",1995,"4",NA,"Cooperative Learning Programs","Cluster quasi-experiment","2-6","Mixed","2 years","More than 1 year",NA,"N","N",3,4,NA,635,664,"Alphabetics","CAT
Vocabulary",NA,0.2,69,18,12,1,0,1,0,0,0,1,0,0,1,1,0,1,0,1,0,0,0,0,1,0,0,0,0,0,1,0,0,0,0,1,0
"70","Cooperative Integrated Reading and Competition","Stevens & Slavin (1995a)","1",1995,"4",NA,"Cooperative Learning Programs","Cluster quasi-experiment","2-6","Mixed","2 years","More than 1 year",NA,"N","N",3,4,NA,635,664,"Comprehension","CAT
Comprehension",NA,0.26,70,18,12,1,0,1,0,0,0,1,0,0,1,1,0,1,0,1,0,0,0,1,0,0,0,0,0,0,1,0,0,0,0,1,0
"71","Cooperative Integrated Reading and Competition","Stevens & Slavin (1995b)","1",1995,"4",NA,"Cooperative Learning Programs","Cluster quasi-experiment","2-6","Mixed","2 years","More than 1 year",NA,"N","N",2,3,NA,411,462,"Comprehension","CAT
Comprehension",NA,0.28,71,19,12,1,0,1,0,0,0,1,0,0,1,1,0,1,0,1,0,0,0,1,0,0,0,0,0,0,1,0,0,0,0,1,0
"72","Cooperative Integrated Reading and Competition","Stevens & Slavin (1995b)","1",1995,"4",NA,"Cooperative Learning Programs","Cluster quasi-experiment","2-6","Mixed","2 years","More than 1 year",NA,"N","N",2,3,NA,411,462,"Alphabetics","CAT
Vocabulary",NA,0.21,72,19,12,1,0,1,0,0,0,1,0,0,1,1,0,1,0,1,0,0,0,0,1,0,0,0,0,0,1,0,0,0,0,1,0
"73","Creating Robust Vocabulary","Vadasy, Sanders & Herrera (2015)","1",2015,"3",NA,"Supplemental Curricula","Cluster randomized","4, 5","Upper","1 year","One year",NA,"N","N",30,31,NA,627,605,"Alphabetics","ITBS
Vocabulary",NA,0.13,73,20,13,1,1,1,0,1,0,0,1,0,0,0,0,1,0,1,0,0,0,0,1,0,0,0,1,0,0,0,0,0,0,1,0
"74","Creating Robust Vocabulary","Vadasy, Sanders & Herrera (2015)","1",2015,"3",NA,"Supplemental Curricula","Cluster randomized","4, 5","Upper","1 year","One year",NA,"N","N",30,31,NA,627,605,"Comprehension","ITBS
Comprehension",NA,0.16,74,20,13,1,1,1,0,1,0,0,1,0,0,0,0,1,0,1,0,0,0,1,0,0,0,0,1,0,0,0,0,0,0,1,0
"75","Destination Reading","Campuzano et al. (2009)","NCEE",2009,"3",NA,"Supplemental Curricula","Cluster randomized","1","Lower","1 year","One year","0","N","N",21,14,NA,448,294,"Achievement","SAT-10",NA,0.09,75,21,14,1,1,0,1,0,1,0,1,0,0,1,0,1,0,1,0,0,1,0,0,0,0,0,1,0,0,0,0,0,0,1,0
"76","Direct Instruction","MacIver et al. (2003)","0",2003,"5",NA,"Curriculum & Instructional Process Program","Cluster quasi-experiment","K-3","Mixed","4 years","More than 1 year",NA,"N","N",6,6,NA,171,104,"Alphabetics","CTBS
Vocabulary","K-3 Cohort",-0.17,76,22,15,1,0,0,0,0,0,1,0,0,1,1,0,1,0,1,0,0,0,0,1,0,0,0,0,0,0,1,0,0,0,1,0
"77","Direct Instruction","MacIver et al. (2003)","0",2003,"5",NA,"Curriculum & Instructional Process Program","Cluster quasi-experiment","K-3","Mixed","4 years","More than 1 year",NA,"N","N",6,6,NA,182,132,"Alphabetics","CTBS
Vocabulary","2-5 Cohort",0.28,77,22,15,1,0,0,0,0,0,1,0,0,1,1,0,1,0,1,0,0,0,0,1,0,0,0,0,0,0,1,0,0,0,1,0
"78","Direct Instruction","MacIver et al. (2003)","0",2003,"5",NA,"Curriculum & Instructional Process Program","Cluster quasi-experiment","K-3","Mixed","4 years","More than 1 year",NA,"N","N",6,6,NA,171,104,"Comprehension","CTBS
Reading Comprehension","K-3 Cohort",-0.02,78,22,15,1,0,0,0,0,0,1,0,0,1,1,0,1,0,1,0,0,0,1,0,0,0,0,0,0,0,1,0,0,0,1,0
"79","Direct Instruction","MacIver et al. (2003)","0",2003,"5",NA,"Curriculum & Instructional Process Program","Cluster quasi-experiment","K-3","Mixed","4 years","More than 1 year",NA,"N","N",6,6,NA,182,132,"Comprehension","CTBS
Reading Comprehension","2-5 Cohort",0.11,79,22,15,1,0,0,0,0,0,1,0,0,1,1,0,1,0,1,0,0,0,1,0,0,0,0,0,0,0,1,0,0,0,1,0
"90","Elements of Reading: Comprehension","Resendez, Sridiharan, & Azin (2006)","0",2006,"3",NA,"Supplemental Curricula","Cluster randomized","2-4","Mixed","1 year","One year",NA,"N","N",10,8,NA,229,184,"Alphabetics","Gates-MacGinitie
Vocabulary",NA,0.21,90,23,16,1,1,0,0,0,0,1,1,0,0,1,0,1,0,1,0,0,0,0,1,0,0,0,1,0,0,0,0,0,0,1,0
"91","Elements of Reading: Comprehension","Resendez, Sridiharan, & Azin (2006)","0",2006,"3",NA,"Supplemental Curricula","Cluster randomized","2-4","Mixed","1 year","One year",NA,"N","N",10,8,NA,229,184,"Fluency","Narrative Passage Fluency",NA,0.03,91,23,16,1,1,0,0,0,0,1,1,0,0,1,0,1,0,1,0,0,0,0,0,1,0,0,1,0,0,0,0,0,0,1,0
"92","Elements of Reading: Comprehension","Resendez, Sridiharan, & Azin (2006)","0",2006,"3",NA,"Supplemental Curricula","Cluster randomized","2-4","Mixed","1 year","One year",NA,"N","N",10,8,NA,229,184,"Comprehension","Gates-MacGinitie Comprehension",NA,0.11,92,23,16,1,1,0,0,0,0,1,1,0,0,1,0,1,0,1,0,0,0,1,0,0,0,0,1,0,0,0,0,0,0,1,0
"93","Elements of Reading: Comprehension","Resendez, Sridiharan, & Azin (2006)","0",2006,"3",NA,"Supplemental Curricula","Cluster randomized","2-4","Mixed","1 year","One year",NA,"N","N",10,8,NA,229,184,"Comprehension","ERDA Target Words in Context",NA,0.05,93,23,16,1,1,0,0,0,0,1,1,0,0,1,0,1,0,1,0,0,0,1,0,0,0,0,1,0,0,0,0,0,0,1,0
"94","Elements of Reading: Comprehension","Resendez, Sridiharan, & Azin (2006)","0",2006,"3",NA,"Supplemental Curricula","Cluster randomized","2-4","Mixed","1 year","One year",NA,"N","N",10,8,NA,229,184,"Comprehension","Comprehension",NA,0.12,94,23,16,1,1,0,0,0,0,1,1,0,0,1,0,1,0,1,0,0,0,1,0,0,0,0,1,0,0,0,0,0,0,1,0
"95","Elements of Reading: Comprehension","Resendez, Sridiharan, & Azin (2006)","0",2006,"3",NA,"Supplemental Curricula","Cluster randomized","2-4","Mixed","1 year","One year",NA,"N","N",10,8,NA,229,184,"Fluency","Informational Passage Fluency",NA,0,95,23,16,1,1,0,0,0,0,1,1,0,0,1,0,1,0,1,0,0,0,0,0,1,0,0,1,0,0,0,0,0,0,1,0
"96","Elements of Reading: Fluency","Apthorp (2005b)","1",2005,"3",NA,"Supplemental Curricula","Cluster randomized","2","Lower","1 year","One year","0","N","N",5,5,NA,92,81,"Comprehension","Gates McGinitie Comprehension",NA,0.05,96,24,17,1,1,1,0,0,1,0,1,0,0,1,0,1,0,1,0,0,0,1,0,0,0,0,1,0,0,0,0,0,0,1,0
"97","Elements of Reading: Fluency","Apthorp (2005b)","1",2005,"3",NA,"Supplemental Curricula","Cluster randomized","2","Lower","1 year","One year","0","N","N",5,5,NA,92,81,"Fluency","ERDA Narrative Passage Fluency",NA,0.15,97,24,17,1,1,1,0,0,1,0,1,0,0,1,0,1,0,1,0,0,0,0,0,1,0,0,1,0,0,0,0,0,0,1,0
"98","Elements of Reading: Fluency","Apthorp (2005b)","1",2005,"3",NA,"Supplemental Curricula","Cluster randomized","2","Lower","1 year","One year","0","N","N",5,5,NA,92,81,"Fluency","ERDA Informational Passage Fluency",NA,0.18,98,24,17,1,1,1,0,0,1,0,1,0,0,1,0,1,0,1,0,0,0,0,0,1,0,0,1,0,0,0,0,0,0,1,0
"99","Elements of Reading: Fluency","Apthorp (2005b)","1",2005,"3",NA,"Supplemental Curricula","Cluster randomized","2","Lower","1 year","One year","0","N","N",5,5,NA,92,81,"Alphabetics","ERDA Word Identification",NA,0,99,24,17,1,1,1,0,0,1,0,1,0,0,1,0,1,0,1,0,0,0,0,1,0,0,0,1,0,0,0,0,0,0,1,0
"100","Elements of Reading: Phonics and Phonemic Awareness","Apthorp (2005)","0",2005,"3",NA,"Supplemental Curricula","Cluster randomized","1","Lower","1 year","One year",NA,"N","N",8,8,NA,126,131,"Achievement","ERDA",NA,-0.09,100,25,18,1,1,0,0,0,1,0,1,0,0,1,0,1,0,1,0,0,1,0,0,0,0,0,1,0,0,0,0,0,0,1,0
"101","Elements of Reading: Phonics and Phonemic Awareness","Apthorp (2005)","0",2005,"3",NA,"Supplemental Curricula","Cluster randomized","1","Lower","1 year","One year",NA,"N","N",8,8,NA,126,131,"Achievement","Gates MacGinitie",NA,-0.29,101,25,18,1,1,0,0,0,1,0,1,0,0,1,0,1,0,1,0,0,1,0,0,0,0,0,1,0,0,0,0,0,0,1,0
"102","Elements of Reading: Vocabulary","Apthorp (2006)","1",2006,"3",NA,"Supplemental Curricula","Cluster randomized","3","Upper","1 year","One year","0","Y","Y",4,3,NA,79,45,"Comprehension","Gates-McGinitie
Comprehension",NA,-0.06,102,26,19,1,1,1,0,1,0,0,1,0,0,1,1,0,0,0,1,0,0,1,0,0,0,0,1,0,0,0,0,0,0,1,0
"103","Elements of Reading: Vocabulary","Apthorp (2006)","1",2006,"3",NA,"Supplemental Curricula","Cluster randomized","3","Upper","1 year","One year","0","Y","Y",4,3,NA,79,45,"Alphabetics","Gates-McGinitie
Vocabulary",NA,0.55,103,26,19,1,1,1,0,1,0,0,1,0,0,1,1,0,0,0,1,0,0,0,1,0,0,0,1,0,0,0,0,0,0,1,0
"104","Elements of Reading: Vocabulary","Apthorp et al., (2012)","1",2012,"3",NA,"Supplemental Curricula","Cluster randomized","K,1,3,4","Mixed","2 years","More than 1 year","0","Y","N",22,23,NA,2876,3234,"Comprehension","GRADE
   Primary
      Word Meaning",NA,0.06,104,27,19,1,1,1,0,0,0,1,0,0,1,0,0,1,0,0,1,0,0,1,0,0,0,0,1,0,0,0,0,0,0,1,0
"105","Elements of Reading: Vocabulary","Apthorp et al., (2012)","1",2012,"3",NA,"Supplemental Curricula","Cluster randomized","K,1,3,4","Mixed","2 years","More than 1 year","0","Y","N",22,23,NA,2876,3234,"Alphabetics","GRADE
    Intermediate
      Vocabulary",NA,-0.14,105,27,19,1,1,1,0,0,0,1,0,0,1,0,0,1,0,0,1,0,0,0,1,0,0,0,1,0,0,0,0,0,0,1,0
"106","Elements of Reading: Vocabulary","Apthorp et al., (2012)","1",2012,"3",NA,"Supplemental Curricula","Cluster randomized","K,1,3,4","Mixed","2 years","More than 1 year","0","Y","N",22,23,NA,2876,3234,"Comprehension","GRADE
      Passage Comprehension",NA,-0.11,106,27,19,1,1,1,0,0,0,1,0,0,1,0,0,1,0,0,1,0,0,1,0,0,0,0,1,0,0,0,0,0,0,1,0
"109","Evidence-Based Literacy Instruction (EBLI)","Jacob, B. (2017)","1",2017,"7",NA,"Teacher-Focused Intervention","Cluster randomized","2-5","Mixed","1 year","One year",NA,"N","N",22,41,NA,508,946,"Achievement","NWEA MAP",NA,-0.06,109,28,20,1,1,1,0,0,0,1,1,0,0,0,0,1,0,1,0,0,1,0,0,0,0,0,0,0,0,0,0,0,0,1,0
"117","Headsprout","Campuzano et al. (2009)","NCEE",2009,"3",NA,"Supplemental Curricula","Cluster randomized","1","Lower","1 year","One year","0","N","N",32,31,NA,574,505,"Achievement","SAT-10",NA,0.01,117,29,21,1,1,0,1,0,1,0,1,0,0,1,0,1,0,1,0,0,1,0,0,0,0,0,1,0,0,0,0,0,0,1,0
"121","ICON (Improving Comprehension Online)","Proctor et al. (2011)","1",2011,"3",NA,"Supplemental Curricula","Cluster quasi-experiment","5","Upper","16 weeks","Less than 1 year",NA,"N","N",6,6,NA,129,111,"Comprehension","Gates MacGinitie
   Comprehension",NA,-0.03,121,30,22,1,0,1,0,1,0,0,0,1,0,0,0,1,0,1,0,0,0,1,0,0,0,0,1,0,0,0,0,0,0,1,0
"122","ICON (Improving Comprehension Online)","Proctor et al. (2011)","1",2011,"3",NA,"Supplemental Curricula","Cluster quasi-experiment","5","Upper","16 weeks","Less than 1 year",NA,"N","N",6,6,NA,129,111,"Alphabetics","Gates MacGinitie
   Vocabulary",NA,0.02,122,30,22,1,0,1,0,1,0,0,0,1,0,0,0,1,0,1,0,0,0,0,1,0,0,0,1,0,0,0,0,0,0,1,0
"132","ISI (A2i)","Al Otaiba et al. (2011)","1",2011,"3",NA,"Supplemental Curricula","Cluster randomized","K","Lower","1 year","One year","0","N","N",7,7,NA,305,251,"Alphabetics","Woodcock Johnson
   LWID",NA,-0.02,132,31,25,1,1,1,0,0,1,0,1,0,0,0,0,1,0,1,0,0,0,0,1,0,0,0,1,0,0,0,0,0,0,1,0
"133","ISI (A2i)","Al Otaiba et al. (2011)","1",2011,"3",NA,"Supplemental Curricula","Cluster randomized","K","Lower","1 year","One year","0","N","N",7,7,NA,305,251,"Alphabetics","Woodcock Johnson
   WA",NA,0.05,133,31,25,1,1,1,0,0,1,0,1,0,0,0,0,1,0,1,0,0,0,0,1,0,0,0,1,0,0,0,0,0,0,1,0
"137","ISI (A2i)","Connor et al. (2011b) [JREE]","1",2011,"3",NA,"Supplemental Curricula","Cluster randomized","1","Lower","1 year","One year","0","N","N",3,4,NA,222,174,"Alphabetics","Woodcock Johnson
LWID",NA,0.29,137,32,25,1,1,1,0,0,1,0,1,0,0,0,0,1,0,1,0,0,0,0,1,0,0,0,1,0,0,0,0,0,0,1,0
"138","ISI (A2i)","Connor et al. (2013)","1",2013,"3",NA,"Supplemental Curricula","Cluster randomized","1","Lower","1 year","One year",NA,"NR","N",22,6,NA,363,106,"Comprehension","Word Reading",NA,0.32,138,33,25,1,1,1,0,0,1,0,1,0,0,0,0,1,0,0,0,1,0,1,0,0,0,0,1,0,0,0,0,0,0,1,0
"139","ISI (A2i)","Connor et al. (2013)","1",2013,"3",NA,"Supplemental Curricula","Cluster randomized","1","Lower","1 year","One year",NA,"NR","N",22,6,NA,363,106,"Comprehension","Passage Comprehension",NA,0.36,139,33,25,1,1,1,0,0,1,0,1,0,0,0,0,1,0,0,0,1,0,1,0,0,0,0,1,0,0,0,0,0,0,1,0
"143","ITSS","Wijekumar, K. K., Meyer, B. J. F., & Lei, P. (2012)","1",2012,"3",NA,"Supplemental Curricula","Cluster randomized","4","Upper","1 year","One year",NA,"NR","NR",64,66,NA,1258,1277,"Comprehension","Gray Silent Reading Test",NA,0.1,143,34,26,1,1,1,0,1,0,0,1,0,0,0,0,0,1,0,0,1,0,1,0,0,0,0,1,0,0,0,0,0,0,1,0
"144","ITSS","Wijekumar, K., Meyer, B. J., Lei, P. W., Lin, Y. C., Johnson, L. A., Spielvogel, J. A., ... & Cook, M. (2014)","1",2014,"3",NA,"Supplemental Curricula","Cluster randomized","5","Upper","1 year","One year",NA,"NR","NR",65,62,NA,1258,1227,"Comprehension","Gray Silent Reading Test",NA,0.21,144,35,26,1,1,1,0,1,0,0,1,0,0,0,0,0,1,0,0,1,0,1,0,0,0,0,1,0,0,0,0,0,0,1,0
"145","Journeys","Resendez & Azin (2012)","0",2012,"1",NA,"Core Basal Program","Cluster randomized","K-2","Lower","First year of 2 year study","One year",NA,"N","N",23,21,NA,541,505,"Comprehension","ITBS
Reading Comprehension",NA,0.2,145,36,27,1,1,0,0,0,1,0,1,0,0,0,0,1,0,1,0,0,0,1,0,0,0,0,0,0,0,0,0,1,0,1,0
"146","Journeys","Resendez & Azin (2012)","0",2012,"1",NA,"Core Basal Program","Cluster randomized","K-2","Lower","First year of 2 year study","One year",NA,"N","N",23,21,NA,358,316,"Comprehension","ITBS Language (gr. 1-2)",NA,0.02,146,36,27,1,1,0,0,0,1,0,1,0,0,0,0,1,0,1,0,0,0,1,0,0,0,0,0,0,0,0,0,1,0,1,0
"147","Journeys","Resendez & Azin (2012)","0",2012,"1",NA,"Core Basal Program","Cluster randomized","K-2","Lower","First year of 2 year study","One year",NA,"N","N",23,21,NA,541,505,"Achievement","ITBS Word Analysis",NA,0.07,147,36,27,1,1,0,0,0,1,0,1,0,0,0,0,1,0,1,0,0,1,0,0,0,0,0,0,0,0,0,0,1,0,1,0
"148","Journeys","Resendez & Azin (2012)","0",2012,"1",NA,"Core Basal Program","Cluster randomized","K-2","Lower","First year of 2 year study","One year",NA,"N","N",23,21,NA,183,189,"Alphabetics","ITBS Reading Words (K)",NA,0.39,148,36,27,1,1,0,0,0,1,0,1,0,0,0,0,1,0,1,0,0,0,0,1,0,0,0,0,0,0,0,0,1,0,1,0
"149","Journeys","Resendez & Azin (2012)","0",2012,"1",NA,"Core Basal Program","Cluster randomized","K-2","Lower","First year of 2 year study","One year",NA,"N","N",23,21,NA,541,505,"Alphabetics","ITBS Vocabulary",NA,0.15,149,36,27,1,1,0,0,0,1,0,1,0,0,0,0,1,0,1,0,0,0,0,1,0,0,0,0,0,0,0,0,1,0,1,0
"150","Language Essentials for Teachers of Reading and Spelling (LETRS)","Garet et al. (2008)","NCEE",2008,"7",NA,"Teacher-Focused Intervention","Cluster randomized","2","Lower","1 year","One year",NA,"Y","Y",60,30,NA,3721,1809,"Achievement","Various state assessments",NA,0.06,150,37,28,1,1,0,1,0,1,0,1,0,0,1,1,0,0,0,1,0,1,0,0,0,0,0,0,0,0,0,0,0,0,1,0
"155","LeapTrack","Campuzano et al. (2009)","NCEE",2009,"3",NA,"Supplemental Curricula","Cluster randomized","4","Upper","1 year","One year","0","N","N",29,26,NA,665,609,"Achievement","SAT-10",NA,0.09,155,38,29,1,1,0,1,1,0,0,1,0,0,1,0,1,0,1,0,0,1,0,0,0,0,0,1,0,0,0,0,0,0,1,0
"165","Lexia","Macaruso, P., Hook, P. E., & McCabe, R. (2006)","1",2006,"3",NA,"Supplemental Curricula","Cluster quasi-experiment","1","Lower","7 mo.","One year",NA,"N","N",5,5,NA,83,84,"Achievement","Gates-MacGinitie",NA,0.21,165,39,32,1,0,1,0,0,1,0,1,0,0,1,0,1,0,1,0,0,1,0,0,0,0,0,1,0,0,0,0,0,0,1,0
"166","Lexia","Schechter, R., Macaruso, P., Kazakoff, E.R., & Brooke, E. (2015)","1",2015,"3",NA,"Supplemental Curricula","Cluster randomized","1,2","Lower","1 year","One year",NA,"Y","Y",2,2,NA,45,38,"Alphabetics","GRADE Vocabulary",NA,0.09,166,40,32,1,1,1,0,0,1,0,1,0,0,0,1,0,0,0,1,0,0,0,1,0,0,0,1,0,0,0,0,0,0,1,0
"167","Lexia","Schechter, R., Macaruso, P., Kazakoff, E.R., & Brooke, E. (2015)","1",2015,"3",NA,"Supplemental Curricula","Cluster randomized","1,2","Lower","1 year","One year",NA,"Y","Y",2,2,NA,45,38,"Comprehension","GRADE Comprehension",NA,0.52,167,40,32,1,1,1,0,0,1,0,1,0,0,0,1,0,0,0,1,0,0,1,0,0,0,0,1,0,0,0,0,0,0,1,0
"180","Literacy Collaborative","Biancarosa, Bryk, & Dexter (2010)","1",2010,"7",NA,"Teacher-Focused Intervention","Quasi-experiment","K, 1, 2","Lower","4 years","More than 1 year","0","N","N",NA,NA,NA,1164,1050,NA,"DIBELS","K-Cohort3",0.34,180,41,34,0,0,1,0,0,1,0,0,0,1,0,0,1,0,1,0,0,0,0,0,0,0,0,0,0,0,0,0,0,0,0,0
"181","Literacy Collaborative","Biancarosa, Bryk, & Dexter (2010)","1",2010,"7",NA,"Teacher-Focused Intervention","Quasi-experiment","K, 1, 2","Lower","4 years","More than 1 year","0","N","N",NA,NA,NA,1173,1127,NA,"DIBELS + Terra Nova","Grade1",0.13,181,41,34,0,0,1,0,0,1,0,0,0,1,0,0,1,0,1,0,0,0,0,0,0,0,0,0,0,0,0,0,0,0,0,0
"182","Literacy Collaborative","Biancarosa, Bryk, & Dexter (2010)","1",2010,"7",NA,"Teacher-Focused Intervention","Quasi-experiment","K, 1, 2","Lower","4 years","More than 1 year","0","N","N",NA,NA,NA,1150,1050,NA,"DIBELS","K-Cohort2",0.32,182,41,34,0,0,1,0,0,1,0,0,0,1,0,0,1,0,1,0,0,0,0,0,0,0,0,0,0,0,0,0,0,0,0,0
"183","Literacy Collaborative","Biancarosa, Bryk, & Dexter (2010)","1",2010,"7",NA,"Teacher-Focused Intervention","Quasi-experiment","K, 1, 2","Lower","4 years","More than 1 year","0","N","N",NA,NA,NA,1096,1074,NA,"DIBELS + Terra Nova","Grade2",0.15,183,41,34,0,0,1,0,0,1,0,0,0,1,0,0,1,0,1,0,0,0,0,0,0,0,0,0,0,0,0,0,0,0,0,0
"184","Literacy Collaborative","Biancarosa, Bryk, & Dexter (2010)","1",2010,"7",NA,"Teacher-Focused Intervention","Quasi-experiment","K, 1, 2","Lower","4 years","More than 1 year","0","N","N",NA,NA,NA,1103,1050,NA,"DIBELS","K-Cohort4",0.55,184,41,34,0,0,1,0,0,1,0,0,0,1,0,0,1,0,1,0,0,0,0,0,0,0,0,0,0,0,0,0,0,0,0,0
"185","Mastery Learning","Dolan et al. (1993)","1",1993,"3",NA,"Supplemental Curricula","Cluster randomized","1","Lower","1 year","One year",NA,"N","N",9,7,NA,106,80,"Achievement","California Achievement Test--Reading","Girls",0.22,185,42,35,1,1,1,0,0,1,0,1,0,0,1,0,1,0,1,0,0,1,0,0,0,0,0,1,0,0,0,0,0,0,1,0
"186","Mastery Learning","Dolan et al. (1993)","1",1993,"3",NA,"Supplemental Curricula","Cluster randomized","1","Lower","1 year","One year",NA,"N","N",9,7,NA,101,76,"Achievement","California Achievement Test--Reading","Boys",0.4,186,42,35,1,1,1,0,0,1,0,1,0,0,1,0,1,0,1,0,0,1,0,0,0,0,0,1,0,0,0,0,0,0,1,0
"188","mClass","Konstantopoulos, Miller, van der Ploeg, & Li (2016)","1",2016,"9",NA,"Benchmark","Cluster randomized","K-2","Lower","1 year","One year",NA,"N","N",28,27,NA,3135,3135,"Comprehension","Terra Nova (K-2)",NA,-0.19,188,43,36,1,1,1,0,0,1,0,1,0,0,0,0,1,0,1,0,0,0,1,0,0,0,1,0,0,0,0,0,0,0,1,0
"200","Measures of Academic Progress (MAP)","Cordray, Pion, Brandt, Molefe, & Toby (2012)","NCEE",2012,"9",NA,"Benchmark","Cluster randomized","4","Upper","1 year","One year","0","N","N",16,16,NA,1149,765,"Achievement","ISAT
4th grade","4",0.05,200,44,37,1,1,0,1,1,0,0,1,0,0,0,0,1,0,1,0,0,1,0,0,0,0,1,0,0,0,0,0,0,0,1,0
"201","Measures of Academic Progress (MAP)","Cordray, Pion, Brandt, Molefe, & Toby (2012)","NCEE",2012,"9",NA,"Benchmark","Cluster randomized","4","Upper","1 year","One year","0","N","N",16,16,NA,701,1105,"Achievement","ISAT
5th grade","5",-0.05,201,44,37,1,1,0,1,1,0,0,1,0,0,0,0,1,0,1,0,0,1,0,0,0,0,1,0,0,0,0,0,0,0,1,0
"205","Open Court","Borman, Dowling, & Schneck (2008)","1",2008,"1",NA,"Core Basal Program","Cluster randomized","1-5","Mixed","1 year","One year","0","Y","N",27,22,NA,507,410,"Alphabetics","Terra Nova
Vocabulary",NA,0.19,205,45,38,1,1,1,0,0,0,1,1,0,0,1,0,1,0,0,1,0,0,0,1,0,0,0,0,0,0,0,0,1,0,1,0
"206","Open Court","Borman, Dowling, & Schneck (2008)","1",2008,"1",NA,"Core Basal Program","Cluster randomized","1-5","Mixed","1 year","One year","0","Y","N",27,22,NA,507,410,"Comprehension","Terra Nova
Comprehension",NA,0.12,206,45,38,1,1,1,0,0,0,1,1,0,0,1,0,1,0,0,1,0,0,1,0,0,0,0,0,0,0,0,0,1,0,1,0
"209","Open Court","Vaden-Kiernan, M., Borman, G., Caverly, S., Bell, N., Sullivan, K., Ruiz de Castilla, V., ... & Hughes Jones, D. (2018)","1",2018,"1",NA,"Core Basal Program","Cluster randomized","K-1, 3-4","Mixed","1 year","One year",NA,"N","N",25,24,NA,4529,4348,"Comprehension","GRADE",NA,-0.03,209,46,38,1,1,1,0,0,0,1,1,0,0,0,0,1,0,1,0,0,0,1,0,0,0,0,0,0,0,0,0,1,0,1,0
"210","Pacific CHILD Professional Development Program","Abe et al. (2012)","NCEE",2012,"7",NA,"Teacher-Focused Intervention","Cluster randomized","4,5","Upper","2 years","More than 1 year","0","N","Y",23,22,NA,1566,1486,"Achievement","SAT-10/TerraNova",NA,0.24,210,47,39,1,1,0,1,1,0,0,0,0,1,0,1,0,0,1,0,0,1,0,0,0,0,0,0,0,0,0,0,0,0,1,0
"211","PALS","Lemons et al. (2014)","1",2014,"4",NA,"Cooperative Learning Programs","Cluster randomized","1","Lower","16 weeks","Less than 1 year",NA,"N","N",40,10,NA,1002,249,"Fluency","Fluency",NA,0.22,211,48,40,1,1,1,0,0,1,0,0,1,0,0,0,1,0,1,0,0,0,0,0,1,0,0,0,0,1,0,0,0,0,1,0
"212","PALS","Lemons et al. (2014)","1",2014,"4",NA,"Cooperative Learning Programs","Cluster randomized","1","Lower","16 weeks","Less than 1 year",NA,"N","N",40,10,NA,1002,249,"Alphabetics","Word Attack",NA,0.15,212,48,40,1,1,1,0,0,1,0,0,1,0,0,0,1,0,1,0,0,0,0,1,0,0,0,0,0,1,0,0,0,0,1,0
"213","PALS","Lemons et al. (2014)","1",2014,"4",NA,"Cooperative Learning Programs","Cluster randomized","1","Lower","16 weeks","Less than 1 year",NA,"N","N",40,10,NA,1002,249,"Alphabetics","Word ID",NA,0.02,213,48,40,1,1,1,0,0,1,0,0,1,0,0,0,1,0,1,0,0,0,0,1,0,0,0,0,0,1,0,0,0,0,1,0
"214","PALS","Mathes & Babyak (2001)","1",2001,"4",NA,"Cooperative Learning Programs","Cluster randomized","1","Lower","14 weeks","Less than 1 year",NA,"N","N",10,10,NA,61,49,"Alphabetics","Woodcock
   Word Identification",NA,0.51,214,49,40,1,1,1,0,0,1,0,0,1,0,1,0,1,0,1,0,0,0,0,1,0,0,0,0,0,1,0,0,0,0,1,0
"215","PALS","Mathes & Babyak (2001)","1",2001,"4",NA,"Cooperative Learning Programs","Cluster randomized","1","Lower","14 weeks","Less than 1 year",NA,"N","N",10,10,NA,61,49,"Alphabetics","Woodcock
   Word Attack",NA,0.92,215,49,40,1,1,1,0,0,1,0,0,1,0,1,0,1,0,1,0,0,0,0,1,0,0,0,0,0,1,0,0,0,0,1,0
"216","PALS","Mathes & Babyak (2001)","1",2001,"4",NA,"Cooperative Learning Programs","Cluster randomized","1","Lower","14 weeks","Less than 1 year",NA,"N","N",10,10,NA,61,49,"Comprehension","Woodcock
   Passage Comprehension",NA,0.41,216,49,40,1,1,1,0,0,1,0,0,1,0,1,0,1,0,1,0,0,0,1,0,0,0,0,0,0,1,0,0,0,0,1,0
"217","PALS","Mathes, Torgesen, & Allor (2001)","1",2001,"4",NA,"Cooperative Learning Programs","Cluster quasi-experiment","1","Lower","16 weeks","Less than 1 year",NA,"NR","N",12,12,NA,84,56,"Comprehension","Woodcock Passage Comprehension",NA,0.56,217,50,40,1,0,1,0,0,1,0,0,1,0,1,0,1,0,0,0,1,0,1,0,0,0,0,0,0,1,0,0,0,0,1,0
"218","PALS","Mathes, Torgesen, & Allor (2001)","1",2001,"4",NA,"Cooperative Learning Programs","Cluster quasi-experiment","1","Lower","16 weeks","Less than 1 year",NA,"NR","N",12,12,NA,84,56,"Alphabetics","Woodcock Word Identification",NA,0.39,218,50,40,1,0,1,0,0,1,0,0,1,0,1,0,1,0,0,0,1,0,0,1,0,0,0,0,0,1,0,0,0,0,1,0
"219","PALS","Mathes, Torgesen, & Allor (2001)","1",2001,"4",NA,"Cooperative Learning Programs","Cluster quasi-experiment","1","Lower","16 weeks","Less than 1 year",NA,"NR","N",12,12,NA,84,56,"Achievement","TERA-2",NA,0.48,219,50,40,1,0,1,0,0,1,0,0,1,0,1,0,1,0,0,0,1,1,0,0,0,0,0,0,0,1,0,0,0,0,1,0
"220","PALS","Mathes, Torgesen, & Allor (2001)","1",2001,"4",NA,"Cooperative Learning Programs","Cluster quasi-experiment","1","Lower","16 weeks","Less than 1 year",NA,"NR","N",12,12,NA,84,56,"Alphabetics","Woodcock Word Attack",NA,0.59,220,50,40,1,0,1,0,0,1,0,0,1,0,1,0,1,0,0,0,1,0,0,1,0,0,0,0,0,1,0,0,0,0,1,0
"226","Plato Focus","Campuzano et al. (2009)","NCEE",2009,"3",NA,"Supplemental Curricula","Cluster randomized","1","Lower","1 year","One year","0","N","N",15,14,NA,327,291,"Achievement","SAT-10",NA,0.02,226,51,42,1,1,0,1,0,1,0,1,0,0,1,0,1,0,1,0,0,1,0,0,0,0,0,1,0,0,0,0,0,0,1,0
"238","Project CRISS","James-Burdumy et al. (2010)","NCEE",2010,"3",NA,"Supplemental Curricula","Cluster randomized","5","Upper","1 year","One year",NA,"N","N",15,20,NA,1201,1194,"Comprehension","GRADE","Cohort 2",-0.02,238,52,44,1,1,0,1,1,0,0,1,0,0,0,0,1,0,1,0,0,0,1,0,0,0,0,1,0,0,0,0,0,0,1,0
"239","Project CRISS","James-Burdumy et al. (2010)","NCEE",2010,"3",NA,"Supplemental Curricula","Cluster randomized","5","Upper","1 year","One year",NA,"N","N",17,21,NA,1319,1362,"Comprehension","GRADE","Cohort 1",-0.01,239,52,44,1,1,0,1,1,0,0,1,0,0,0,0,1,0,1,0,0,0,1,0,0,0,0,1,0,0,0,0,0,0,1,0
"241","QuickReads","Trainin, Hayden, Wilson, & Erickson (2016)","1",2016,"3",NA,"Supplemental Curricula","Cluster randomized","2,3,4,5","Mixed","19 weeks","Less than 1 year",NA,"N","N",53,23,NA,989,495,"Comprehension","GATES COMP",NA,0.21,241,53,45,1,1,1,0,0,0,1,0,1,0,0,0,1,0,1,0,0,0,1,0,0,0,0,1,0,0,0,0,0,0,1,0
"242","QuickReads","Trainin, Hayden, Wilson, & Erickson (2016)","1",2016,"3",NA,"Supplemental Curricula","Cluster randomized","2,3,4,5","Mixed","19 weeks","Less than 1 year",NA,"N","N",53,23,NA,989,495,"Alphabetics","GATES Vocab",NA,0.22,242,53,45,1,1,1,0,0,0,1,0,1,0,0,0,1,0,1,0,0,0,0,1,0,0,0,1,0,0,0,0,0,0,1,0
"250","Raz-Plus","Ho, Hsian-Yeh & Smrekar, Mathias (2020)","0",2020,"3",NA,"Supplemental Curricula","Cluster randomized","K-5","Mixed","13 weeks","Less than 1 year",NA,"Y","Y",21,18,NA,249,198,"Achievement","STAR",NA,0.12,250,54,46,1,1,0,0,0,0,1,0,1,0,0,1,0,0,0,1,0,1,0,0,0,0,0,1,0,0,0,0,0,0,1,0
"253","Reach for Reading","Wilkerson & Savoy (2013)","0",2013,"1",NA,"Core Basal Program","Cluster randomized","3","Upper","1 year","One year",NA,"N","N",14,14,NA,279,301,"Alphabetics","Gates
  Vocabulary",NA,0.2,253,55,47,1,1,0,0,1,0,0,1,0,0,0,0,1,0,1,0,0,0,0,1,0,0,0,0,0,0,0,0,1,0,1,0
"254","Reach for Reading","Wilkerson & Savoy (2013)","0",2013,"1",NA,"Core Basal Program","Cluster randomized","3","Upper","1 year","One year",NA,"N","N",14,14,NA,279,301,"Comprehension","Gates Comprehension",NA,0.12,254,55,47,1,1,0,0,1,0,0,1,0,0,0,0,1,0,1,0,0,0,1,0,0,0,0,0,0,0,0,0,1,0,1,0
"255","Read for Real","James-Burdumy et al. (2010)","NCEE",2010,"4",NA,"Cooperative Learning Programs","Cluster randomized","5","Upper","1 year","One year",NA,"N","N",11,20,NA,639,1194,"Comprehension","GRADE","Cohort 2",-0.04,255,56,48,1,1,0,1,1,0,0,1,0,0,0,0,1,0,1,0,0,0,1,0,0,0,0,0,0,1,0,0,0,0,1,0
"256","Read for Real","James-Burdumy et al. (2010)","NCEE",2010,"4",NA,"Cooperative Learning Programs","Cluster randomized","5","Upper","1 year","One year",NA,"N","N",16,21,NA,1228,1362,"Comprehension","GRADE","Cohort 1",-0.06,256,56,48,1,1,0,1,1,0,0,1,0,0,0,0,1,0,1,0,0,0,1,0,0,0,0,0,0,1,0,0,0,0,1,0
"264","ReadAbout","James-Burdumy et al. (2010)","NCEE",2010,"3",NA,"Supplemental Curricula","Cluster randomized","5","Upper","1 year","One year",NA,"N","N",15,20,NA,1108,1194,"Comprehension","GRADE","Cohort 2",-0.01,264,57,50,1,1,0,1,1,0,0,1,0,0,0,0,1,0,1,0,0,0,1,0,0,0,0,1,0,0,0,0,0,0,1,0
"265","ReadAbout","James-Burdumy et al. (2010)","NCEE",2010,"3",NA,"Supplemental Curricula","Cluster randomized","5","Upper","1 year","One year",NA,"N","N",17,21,NA,1245,1362,"Comprehension","GRADE","Cohort 1",-0.05,265,57,50,1,1,0,1,1,0,0,1,0,0,0,0,1,0,1,0,0,0,1,0,0,0,0,1,0,0,0,0,0,0,1,0
"266","Reading for Knowledge","James-Burdumy et al. (2010)","NCEE",2010,"3",NA,"Supplemental Curricula","Cluster randomized","5","Upper","1 year","One year",NA,"N","N",18,21,NA,1195,1362,"Comprehension","GRADE",NA,-0.11,266,58,51,1,1,0,1,1,0,0,1,0,0,0,0,1,0,1,0,0,0,1,0,0,0,0,1,0,0,0,0,0,0,1,0
"288","Reading Street","Gatti, G. G. (2011). Pearson Reading Street","0",2011,"1",NA,"Core Basal Program","Cluster randomized","K-5","Mixed","2 years","More than 1 year","0","N","N",14,13,NA,149,160,"Fluency","DIBELS - Oral Reading Fluency","1-2",0.15,288,59,52,1,1,0,0,0,0,1,0,0,1,0,0,1,0,1,0,0,0,0,0,1,0,0,0,0,0,0,0,1,0,1,0
"289","Reading Street","Gatti, G. G. (2011). Pearson Reading Street","0",2011,"1",NA,"Core Basal Program","Cluster randomized","K-5","Mixed","2 years","More than 1 year","0","N","N",14,13,NA,149,160,"Comprehension","GRADE - Sentence Comprehension","1-2",0.04,289,59,52,1,1,0,0,0,0,1,0,0,1,0,0,1,0,1,0,0,0,1,0,0,0,0,0,0,0,0,0,1,0,1,0
"290","Reading Street","Gatti, G. G. (2011). Pearson Reading Street","0",2011,"1",NA,"Core Basal Program","Cluster randomized","K-5","Mixed","2 years","More than 1 year","0","N","N",13,11,NA,159,122,"Comprehension","GRADE - Passage Comprehension","K-1",0.22,290,59,52,1,1,0,0,0,0,1,0,0,1,0,0,1,0,1,0,0,0,1,0,0,0,0,0,0,0,0,0,1,0,1,0
"291","Reading Street","Gatti, G. G. (2011). Pearson Reading Street","0",2011,"1",NA,"Core Basal Program","Cluster randomized","K-5","Mixed","2 years","More than 1 year","0","N","N",12,11,NA,184,151,"Comprehension","GRADE - Sentence Comprehension","4-5",-0.05,291,59,52,1,1,0,0,0,0,1,0,0,1,0,0,1,0,1,0,0,0,1,0,0,0,0,0,0,0,0,0,1,0,1,0
"292","Reading Street","Gatti, G. G. (2011). Pearson Reading Street","0",2011,"1",NA,"Core Basal Program","Cluster randomized","K-5","Mixed","2 years","More than 1 year","0","N","N",12,11,NA,184,151,"Comprehension","GRADE - Vocabulary","4-5",-0.1,292,59,52,1,1,0,0,0,0,1,0,0,1,0,0,1,0,1,0,0,0,1,0,0,0,0,0,0,0,0,0,1,0,1,0
"293","Reading Street","Gatti, G. G. (2011). Pearson Reading Street","0",2011,"1",NA,"Core Basal Program","Cluster randomized","K-5","Mixed","2 years","More than 1 year","0","N","N",13,11,NA,159,122,"Comprehension","GRADE - Sentence Comprehension","K-1",0.13,293,59,52,1,1,0,0,0,0,1,0,0,1,0,0,1,0,1,0,0,0,1,0,0,0,0,0,0,0,0,0,1,0,1,0
"294","Reading Street","Gatti, G. G. (2011). Pearson Reading Street","0",2011,"1",NA,"Core Basal Program","Cluster randomized","K-5","Mixed","2 years","More than 1 year","0","N","N",13,11,NA,159,122,"Comprehension","GRADE - Word Reading","K-1",-0.32,294,59,52,1,1,0,0,0,0,1,0,0,1,0,0,1,0,1,0,0,0,1,0,0,0,0,0,0,0,0,0,1,0,1,0
"295","Reading Street","Gatti, G. G. (2011). Pearson Reading Street","0",2011,"1",NA,"Core Basal Program","Cluster randomized","K-5","Mixed","2 years","More than 1 year","0","N","N",12,11,NA,184,151,"Comprehension","GRADE - Passage Comprehension","4-5",-0.08,295,59,52,1,1,0,0,0,0,1,0,0,1,0,0,1,0,1,0,0,0,1,0,0,0,0,0,0,0,0,0,1,0,1,0
"296","Reading Street","Gatti, G. G. (2011). Pearson Reading Street","0",2011,"1",NA,"Core Basal Program","Cluster randomized","K-5","Mixed","2 years","More than 1 year","0","N","N",14,13,NA,149,160,"Comprehension","GRADE - Word Reading","1-2",0.01,296,59,52,1,1,0,0,0,0,1,0,0,1,0,0,1,0,1,0,0,0,1,0,0,0,0,0,0,0,0,0,1,0,1,0
"297","Reading Street","Gatti, G. G. (2011). Pearson Reading Street","0",2011,"1",NA,"Core Basal Program","Cluster randomized","K-5","Mixed","2 years","More than 1 year","0","N","N",14,13,NA,149,160,"Comprehension","GRADE - Passage Comprehension","1-2",-0.05,297,59,52,1,1,0,0,0,0,1,0,0,1,0,0,1,0,1,0,0,0,1,0,0,0,0,0,0,0,0,0,1,0,1,0
"298","Reading Street","Gatti, G. G. (2011). Pearson Reading Street","0",2011,"1",NA,"Core Basal Program","Cluster randomized","K-5","Mixed","2 years","More than 1 year","0","N","N",13,11,NA,159,122,"Comprehension","GRADE - Word Meaning","K-1",0.04,298,59,52,1,1,0,0,0,0,1,0,0,1,0,0,1,0,1,0,0,0,1,0,0,0,0,0,0,0,0,0,1,0,1,0
"299","Reading Street","Gatti, G. G. (2011). Pearson Reading Street","0",2011,"1",NA,"Core Basal Program","Cluster randomized","K-5","Mixed","2 years","More than 1 year","0","N","N",13,11,NA,158,122,"Alphabetics","DIBELS - Nonsense Word Fluency","K-1",-0.18,299,59,52,1,1,0,0,0,0,1,0,0,1,0,0,1,0,1,0,0,0,0,1,0,0,0,0,0,0,0,0,1,0,1,0
"300","Reading Street","Gatti, G. G. (2011). Pearson Reading Street","0",2011,"1",NA,"Core Basal Program","Cluster randomized","K-5","Mixed","2 years","More than 1 year","0","N","N",14,13,NA,149,160,"Comprehension","GRADE - Word Meaning","1-2",-0.32,300,59,52,1,1,0,0,0,0,1,0,0,1,0,0,1,0,1,0,0,0,1,0,0,0,0,0,0,0,0,0,1,0,1,0
"301","Reading Street","Gatti, G. G. (2011). Pearson Reading Street","0",2011,"1",NA,"Core Basal Program","Cluster randomized","K-5","Mixed","2 years","More than 1 year","0","N","N",13,11,NA,158,122,"Alphabetics","DIBELS - Phoneme Segmentation","K-1",0.35,301,59,52,1,1,0,0,0,0,1,0,0,1,0,0,1,0,1,0,0,0,0,1,0,0,0,0,0,0,0,0,1,0,1,0
"302","Reading Street","Gatti, G. G. (2011). Pearson Reading Street","0",2011,"1",NA,"Core Basal Program","Cluster randomized","K-5","Mixed","2 years","More than 1 year","0","N","N",12,11,NA,184,150,"Fluency","DIBELS - Oral Reading Fluency","4-5",-0.03,302,59,52,1,1,0,0,0,0,1,0,0,1,0,0,1,0,1,0,0,0,0,0,1,0,0,0,0,0,0,0,1,0,1,0
"303","Reading Street","Wilkerson, S. B., Shannon, L. C., & Herman, T.L. (2007)","0",2007,"1",NA,"Core Basal Program","Cluster randomized","1-3","Mixed","1 year","One year",NA,"N","N",30,27,NA,642,565,"Achievement","GMRT",NA,0,303,60,52,1,1,0,0,0,0,1,1,0,0,1,0,1,0,1,0,0,1,0,0,0,0,0,0,0,0,0,0,1,0,1,0
"304","Reading Street","Wilkerson, Shannon, & Herman. (2006)","0",2006,"1",NA,"Core Basal Program","Cluster randomized","1-3","Mixed","1 year","One year",NA,"N","N",24,24,NA,488,456,"Achievement","GMRT",NA,-0.12,304,61,52,1,1,0,0,0,0,1,1,0,0,1,0,1,0,1,0,0,1,0,0,0,0,0,0,0,0,0,0,1,0,1,0
"317","Rigby Literacy Program","Wilkerson, S. B. (2004)","0",2004,"1",NA,"Core Basal Program","Cluster quasi-experiment","2,4","Mixed","32 weeks","One year",NA,"Y","Y",2,2,NA,245,227,"Achievement","GMRT-4",NA,-0.23,317,62,53,1,0,0,0,0,0,1,1,0,0,1,1,0,0,0,1,0,1,0,0,0,0,0,0,0,0,0,0,1,0,1,0
"320","Saxon Phonics and Spelling","Resendez, M. & Azin, M. (2007)","0",2007,"3",NA,"Supplemental Curricula","Cluster randomized","1,2","Lower","1 year","One year",NA,"N","N",18,17,NA,360,308,"Achievement","ITBS - Word Analysis","1 & 2",0.1,320,63,54,1,1,0,0,0,1,0,1,0,0,1,0,1,0,1,0,0,1,0,0,0,0,0,1,0,0,0,0,0,0,1,0
"321","Saxon Phonics and Spelling","Resendez, M. & Azin, M. (2007)","0",2007,"3",NA,"Supplemental Curricula","Cluster randomized","1,2","Lower","1 year","One year",NA,"N","N",18,17,NA,164,164,"Alphabetics","ITBS Reading Words","1",-0.03,321,63,54,1,1,0,0,0,1,0,1,0,0,1,0,1,0,1,0,0,0,0,1,0,0,0,1,0,0,0,0,0,0,1,0
"322","Scholastic Phonics Readers/ Literacy Place","Schultz, L. (1996)","0",1996,"1",NA,"Core Basal Program","Cluster randomized","1","Lower","1 year","One year",NA,"NR","NR",4,4,NA,162,139,"Achievement","CTBS - Reading",NA,0.07,322,64,55,1,1,0,0,0,1,0,1,0,0,1,0,0,1,0,0,1,1,0,0,0,0,0,0,0,0,0,0,1,0,1,0
"323","Scholastic Phonics Readers/ Literacy Place","Schultz, L. (1996)","0",1996,"1",NA,"Core Basal Program","Cluster randomized","1","Lower","1 year","One year",NA,"NR","NR",4,4,NA,162,139,"Comprehension","CTBS - Comprehension",NA,0.21,323,64,55,1,1,0,0,0,1,0,1,0,0,1,0,0,1,0,0,1,0,1,0,0,0,0,0,0,0,0,0,1,0,1,0
"324","Scholastic Phonics Readers/ Literacy Place","Schultz, L. (1996)","0",1996,"1",NA,"Core Basal Program","Cluster randomized","1","Lower","1 year","One year",NA,"NR","NR",4,4,NA,162,139,"Alphabetics","CTBS - Vocabulary",NA,0.11,324,64,55,1,1,0,0,0,1,0,1,0,0,1,0,0,1,0,0,1,0,0,1,0,0,0,0,0,0,0,0,1,0,1,0
"325","Scholastic Phonics Readers/ Literacy Place","Schultz, L. (1996)","0",1996,"1",NA,"Core Basal Program","Cluster randomized","1","Lower","1 year","One year",NA,"NR","NR",4,4,NA,162,139,"Achievement","CTBS - Word Analysis",NA,0.23,325,64,55,1,1,0,0,0,1,0,1,0,0,1,0,0,1,0,0,1,1,0,0,0,0,0,0,0,0,0,0,1,0,1,0
"334","SPARK","Jones et al. (2015)","0",2015,"3",NA,"Supplemental Curricula","Student randomized","k-2","Lower","2 years","More than 1 year",NA,"Y","Y",NA,NA,NA,195,194,"Achievement","MAP",NA,0.23,334,65,56,0,1,0,0,0,1,0,0,0,1,0,1,0,0,0,1,0,1,0,0,0,0,0,1,0,0,0,0,0,0,0,0
"335","SPARK","Jones et al. (2015)","0",2015,"3",NA,"Supplemental Curricula","Student randomized","k-2","Lower","2 years","More than 1 year",NA,"Y","Y",NA,NA,NA,195,194,"Alphabetics","PALS",NA,0.35,335,65,56,0,1,0,0,0,1,0,0,0,1,0,1,0,0,0,1,0,0,0,1,0,0,0,1,0,0,0,0,0,0,0,0
"345","Success for All","Borman et al. (2007)","1",2007,"5",NA,"Curriculum & Instructional Process Program","Cluster randomized","K-2","Lower","3 years","More than 1 year","0","N","N",18,17,NA,1085,1023,"Alphabetics","Woodcock
Word Identification",NA,0.22,345,66,57,1,1,1,0,0,1,0,0,0,1,1,0,1,0,1,0,0,0,0,1,0,0,0,0,0,0,1,0,0,0,1,0
"346","Success for All","Borman et al. (2007)","1",2007,"5",NA,"Curriculum & Instructional Process Program","Cluster randomized","K-2","Lower","3 years","More than 1 year","0","N","N",18,17,NA,1085,1023,"Comprehension","Woodcock Passage Comprehension",NA,0.21,346,66,57,1,1,1,0,0,1,0,0,0,1,1,0,1,0,1,0,0,0,1,0,0,0,0,0,0,0,1,0,0,0,1,0
"347","Success for All","Borman et al. (2007)","1",2007,"5",NA,"Curriculum & Instructional Process Program","Cluster randomized","K-2","Lower","3 years","More than 1 year","0","N","N",18,17,NA,1085,1023,"Alphabetics","Woodcock Word Attack",NA,0.33,347,66,57,1,1,1,0,0,1,0,0,0,1,1,0,1,0,1,0,0,0,0,1,0,0,0,0,0,0,1,0,0,0,1,0
"348","Success for All","Chambers et al. (2005)","0",2005,"5",NA,"Curriculum & Instructional Process Program","Cluster quasi-experiment","K-1","Lower","1 year","One year","0","Y","Y",4,4,NA,125,136,"Alphabetics","Woodcock Reading Mastery Test
Word Attack","K",0.27,348,67,57,1,0,0,0,0,1,0,1,0,0,1,1,0,0,0,1,0,0,0,1,0,0,0,0,0,0,1,0,0,0,1,0
"349","Success for All","Chambers et al. (2005)","0",2005,"5",NA,"Curriculum & Instructional Process Program","Cluster quasi-experiment","K-1","Lower","1 year","One year","0","Y","Y",4,4,NA,184,132,"Alphabetics","Woodcock Reading Mastery Test
Letter ID","1",0.12,349,67,57,1,0,0,0,0,1,0,1,0,0,1,1,0,0,0,1,0,0,0,1,0,0,0,0,0,0,1,0,0,0,1,0
"350","Success for All","Chambers et al. (2005)","0",2005,"5",NA,"Curriculum & Instructional Process Program","Cluster quasi-experiment","K-1","Lower","1 year","One year","0","Y","Y",4,4,NA,125,136,"Alphabetics","Woodcock Reading Mastery Test
Letter ID","K",0.05,350,67,57,1,0,0,0,0,1,0,1,0,0,1,1,0,0,0,1,0,0,0,1,0,0,0,0,0,0,1,0,0,0,1,0
"351","Success for All","Chambers et al. (2005)","0",2005,"5",NA,"Curriculum & Instructional Process Program","Cluster quasi-experiment","K-1","Lower","1 year","One year","0","Y","Y",4,4,NA,125,136,"Comprehension","Woodcock Reading Mastery Test
Passage comprehension","K",0.3,351,67,57,1,0,0,0,0,1,0,1,0,0,1,1,0,0,0,1,0,0,1,0,0,0,0,0,0,0,1,0,0,0,1,0
"352","Success for All","Chambers et al. (2005)","0",2005,"5",NA,"Curriculum & Instructional Process Program","Cluster quasi-experiment","K-1","Lower","1 year","One year","0","Y","Y",4,4,NA,184,132,"Alphabetics","Woodcock Reading Mastery Test
Word Attack","1",0.53,352,67,57,1,0,0,0,0,1,0,1,0,0,1,1,0,0,0,1,0,0,0,1,0,0,0,0,0,0,1,0,0,0,1,0
"353","Success for All","Chambers et al. (2005)","0",2005,"5",NA,"Curriculum & Instructional Process Program","Cluster quasi-experiment","K-1","Lower","1 year","One year","0","Y","Y",4,4,NA,184,132,"Comprehension","Woodcock Reading Mastery Test
Passage comprehension","1",0.29,353,67,57,1,0,0,0,0,1,0,1,0,0,1,1,0,0,0,1,0,0,1,0,0,0,0,0,0,0,1,0,0,0,1,0
"354","Success for All","Chambers et al. (2005)","0",2005,"5",NA,"Curriculum & Instructional Process Program","Cluster quasi-experiment","K-1","Lower","1 year","One year","0","Y","Y",4,4,NA,184,132,"Alphabetics","Woodcock Reading Mastery Test
Word ID","1",0.35,354,67,57,1,0,0,0,0,1,0,1,0,0,1,1,0,0,0,1,0,0,0,1,0,0,0,0,0,0,1,0,0,0,1,0
"355","Success for All","Chambers et al. (2005)","0",2005,"5",NA,"Curriculum & Instructional Process Program","Cluster quasi-experiment","K-1","Lower","1 year","One year","0","Y","Y",4,4,NA,125,136,"Alphabetics","Woodcock Reading Mastery Test
Word ID","K",0.52,355,67,57,1,0,0,0,0,1,0,1,0,0,1,1,0,0,0,1,0,0,0,1,0,0,0,0,0,0,1,0,0,0,1,0
"356","Success for All","Correnti (2009)","SREE",2009,"5",NA,"Curriculum & Instructional Process Program","Cluster quasi-experiment","K-2
3-5","Mixed","2 years
(2 cohorts)","More than 1 year","0","N","N",30,26,NA,3600,3120,"Comprehension","Terra Nova",NA,0.4,356,68,57,1,0,0,0,0,0,1,0,0,1,1,0,1,0,1,0,0,0,1,0,0,0,0,0,0,0,1,0,0,0,1,0
"358","Success for All","Livingston & Flaherty (1997)
(additional source: Dianda & Flaherty (1995))","0",1997,"5",NA,"Curriculum & Instructional Process Program","Cluster quasi-experiment","K-3","Mixed","2-4 years","More than 1 year",NA,"N","N",3,3,NA,133,134,"Achievement","Average of Woodcock and DORT:
2 years (K-1)","2 Years (K-1)",0.58,358,69,57,1,0,0,0,0,0,1,0,0,1,1,0,1,0,1,0,0,1,0,0,0,0,0,0,0,0,1,0,0,0,1,0
"359","Success for All","Livingston & Flaherty (1997)
(additional source: Dianda & Flaherty (1995))","0",1997,"5",NA,"Curriculum & Instructional Process Program","Cluster quasi-experiment","K-3","Mixed","2-4 years","More than 1 year",NA,"N","N",3,3,NA,153,136,"Achievement","Average of Woodcock and DORT:
4 years (K-3)","4 years (K-3)",0.1,359,69,57,1,0,0,0,0,0,1,0,0,1,1,0,1,0,1,0,0,1,0,0,0,0,0,0,0,0,1,0,0,0,1,0
"360","Success for All","Livingston & Flaherty (1997)
(additional source: Dianda & Flaherty (1995))","0",1997,"5",NA,"Curriculum & Instructional Process Program","Cluster quasi-experiment","K-3","Mixed","2-4 years","More than 1 year",NA,"N","N",3,3,NA,153,119,"Achievement","Average of Woodcock and DORT:
3 years (K-2)","3 Years (K-2)",0.43,360,69,57,1,0,0,0,0,0,1,0,0,1,1,0,1,0,1,0,0,1,0,0,0,0,0,0,0,0,1,0,0,0,1,0
"361","Success for All","Madden et al. (1993)","1",1993,"5",NA,"Curriculum & Instructional Process Program","Cluster quasi-experiment","1-3","Mixed","3 years","More than 1 year",NA,"Y","Y",5,5,NA,684,684,"Achievement","Average of Woodcock and DORT",NA,0.56,361,70,57,1,0,1,0,0,0,1,0,0,1,1,1,0,0,0,1,0,1,0,0,0,0,0,0,0,0,1,0,0,0,1,0
"362","Success for All","Nunnery et al. (1997)","AERA",1997,"5",NA,"Curriculum & Instructional Process Program","Cluster quasi-experiment","1","Lower","2 years","More than 1 year",NA,"Y","Y",46,18,NA,298,297,"Alphabetics","Woodcock
Word Attack",NA,-0.12,362,71,57,1,0,0,0,0,1,0,0,0,1,1,1,0,0,0,1,0,0,0,1,0,0,0,0,0,0,1,0,0,0,1,0
"363","Success for All","Nunnery et al. (1997)","AERA",1997,"5",NA,"Curriculum & Instructional Process Program","Cluster quasi-experiment","1","Lower","2 years","More than 1 year",NA,"Y","Y",46,18,NA,298,297,"Comprehension","Woodcock
Passage Comprehension",NA,-0.15,363,71,57,1,0,0,0,0,1,0,0,0,1,1,1,0,0,0,1,0,0,1,0,0,0,0,0,0,0,1,0,0,0,1,0
"364","Success for All","Nunnery et al. (1997)","AERA",1997,"5",NA,"Curriculum & Instructional Process Program","Cluster quasi-experiment","1","Lower","2 years","More than 1 year",NA,"Y","Y",46,18,NA,298,297,"Fluency","Woodcock
DORT",NA,0.02,364,71,57,1,0,0,0,0,1,0,0,0,1,1,1,0,0,0,1,0,0,0,0,1,0,0,0,0,0,1,0,0,0,1,0
"365","Success for All","Nunnery et al. (1997)","AERA",1997,"5",NA,"Curriculum & Instructional Process Program","Cluster quasi-experiment","1","Lower","2 years","More than 1 year",NA,"Y","Y",46,18,NA,298,297,"Alphabetics","Woodcock
Word Identification",NA,-0.13,365,71,57,1,0,0,0,0,1,0,0,0,1,1,1,0,0,0,1,0,0,0,1,0,0,0,0,0,0,1,0,0,0,1,0
"366","Success for All","Quint et al. (2015)","0",2015,"5",NA,"Curriculum & Instructional Process Program","Cluster randomized","3-5","Upper","3 years","More than 1 year",NA,"N","Y",19,18,NA,854,781,"Alphabetics","Woodcock Word Attack",NA,0.15,366,72,57,1,1,0,0,1,0,0,0,0,1,0,1,0,0,1,0,0,0,0,1,0,0,0,0,0,0,1,0,0,0,1,0
"367","Success for All","Quint et al. (2015)","0",2015,"5",NA,"Curriculum & Instructional Process Program","Cluster randomized","3-5","Upper","3 years","More than 1 year",NA,"N","Y",19,18,NA,854,781,"Comprehension","Passage Comprehension",NA,0.03,367,72,57,1,1,0,0,1,0,0,0,0,1,0,1,0,0,1,0,0,0,1,0,0,0,0,0,0,0,1,0,0,0,1,0
"368","Success for All","Quint et al. (2015)","0",2015,"5",NA,"Curriculum & Instructional Process Program","Cluster randomized","3-5","Upper","3 years","More than 1 year",NA,"N","Y",19,18,NA,854,781,"Alphabetics","TOWRE",NA,0.07,368,72,57,1,1,0,0,1,0,0,0,0,1,0,1,0,0,1,0,0,0,0,1,0,0,0,0,0,0,1,0,0,0,1,0
"369","Success for All","Quint et al. (2015)","0",2015,"5",NA,"Curriculum & Instructional Process Program","Cluster randomized","3-5","Upper","3 years","More than 1 year",NA,"N","Y",19,18,NA,4099,3829,"Comprehension","Gates MacGinitie
Comprehension","4",-0.05,369,72,57,1,1,0,0,1,0,0,0,0,1,0,1,0,0,1,0,0,0,1,0,0,0,0,0,0,0,1,0,0,0,1,0
"370","Success for All","Quint et al. (2015)","0",2015,"5",NA,"Curriculum & Instructional Process Program","Cluster randomized","3-5","Upper","3 years","More than 1 year",NA,"N","Y",19,18,NA,854,781,"Alphabetics","Woodcock
Letter-Word Identification",NA,0.07,370,72,57,1,1,0,0,1,0,0,0,0,1,0,1,0,0,1,0,0,0,0,1,0,0,0,0,0,0,1,0,0,0,1,0
"371","Success for All","Quint et al. (2015)","0",2015,"5",NA,"Curriculum & Instructional Process Program","Cluster randomized","3-5","Upper","3 years","More than 1 year",NA,"N","Y",19,18,NA,4099,3829,"Achievement","State Reading Test","5",-0.02,371,72,57,1,1,0,0,1,0,0,0,0,1,0,1,0,0,1,0,0,1,0,0,0,0,0,0,0,0,1,0,0,0,1,0
"372","Success for All","Quint et al. (2015)","0",2015,"5",NA,"Curriculum & Instructional Process Program","Cluster randomized","3-5","Upper","3 years","More than 1 year",NA,"N","Y",19,18,NA,4099,3829,"Alphabetics","Gates MacGinitie
Vocabulary","3",0.01,372,72,57,1,1,0,0,1,0,0,0,0,1,0,1,0,0,1,0,0,0,0,1,0,0,0,0,0,0,1,0,0,0,1,0
"373","Success for All","Quint et al. (2015)","0",2015,"5",NA,"Curriculum & Instructional Process Program","Cluster randomized","3-5","Upper","3 years","More than 1 year",NA,"N","Y",19,18,NA,4099,3829,"Comprehension","Gates MacGinitie
Comprehension","3",0.03,373,72,57,1,1,0,0,1,0,0,0,0,1,0,1,0,0,1,0,0,0,1,0,0,0,0,0,0,0,1,0,0,0,1,0
"374","Success for All","Quint et al. (2015)","0",2015,"5",NA,"Curriculum & Instructional Process Program","Cluster randomized","3-5","Upper","3 years","More than 1 year",NA,"N","Y",19,18,NA,4099,3829,"Comprehension","Gates MacGinitie
Comprehension","5",0,374,72,57,1,1,0,0,1,0,0,0,0,1,0,1,0,0,1,0,0,0,1,0,0,0,0,0,0,0,1,0,0,0,1,0
"375","Success for All","Quint et al. (2015)","0",2015,"5",NA,"Curriculum & Instructional Process Program","Cluster randomized","3-5","Upper","3 years","More than 1 year",NA,"N","Y",19,18,NA,4099,3829,"Achievement","State Reading Test","3",-0.02,375,72,57,1,1,0,0,1,0,0,0,0,1,0,1,0,0,1,0,0,1,0,0,0,0,0,0,0,0,1,0,0,0,1,0
"376","Success for All","Quint et al. (2015)","0",2015,"5",NA,"Curriculum & Instructional Process Program","Cluster randomized","3-5","Upper","3 years","More than 1 year",NA,"N","Y",19,18,NA,4099,3829,"Achievement","State Reading Test","4",-0.13,376,72,57,1,1,0,0,1,0,0,0,0,1,0,1,0,0,1,0,0,1,0,0,0,0,0,0,0,0,1,0,0,0,1,0
"377","Success for All","Quint et al. (2015)","0",2015,"5",NA,"Curriculum & Instructional Process Program","Cluster randomized","3-5","Upper","3 years","More than 1 year",NA,"N","Y",19,18,NA,4099,3829,"Alphabetics","Gates MacGinitie
Vocabulary","4",-0.05,377,72,57,1,1,0,0,1,0,0,0,0,1,0,1,0,0,1,0,0,0,0,1,0,0,0,0,0,0,1,0,0,0,1,0
"378","Success for All","Quint et al. (2015)","0",2015,"5",NA,"Curriculum & Instructional Process Program","Cluster randomized","3-5","Upper","3 years","More than 1 year",NA,"N","Y",19,18,NA,4099,3829,"Alphabetics","Gates MacGinitie
Vocabulary","5",0.05,378,72,57,1,1,0,0,1,0,0,0,0,1,0,1,0,0,1,0,0,0,0,1,0,0,0,0,0,0,1,0,0,0,1,0
"379","Success for All","Ross & Casey (1998b)","0",1998,"5",NA,"Curriculum & Instructional Process Program","Cluster quasi-experiment","K-1","Lower","2 years","More than 1 year",NA,"Y","N",3,5,NA,151,205,"Comprehension","Woodcock
Passage Comprehension",NA,0.14,379,73,57,1,0,0,0,0,1,0,0,0,1,1,0,1,0,0,1,0,0,1,0,0,0,0,0,0,0,1,0,0,0,1,0
"380","Success for All","Ross & Casey (1998b)","0",1998,"5",NA,"Curriculum & Instructional Process Program","Cluster quasi-experiment","K-1","Lower","2 years","More than 1 year",NA,"Y","N",3,5,NA,151,205,"Alphabetics","Woodcock
Word Identification",NA,0.22,380,73,57,1,0,0,0,0,1,0,0,0,1,1,0,1,0,0,1,0,0,0,1,0,0,0,0,0,0,1,0,0,0,1,0
"381","Success for All","Ross & Casey (1998b)","0",1998,"5",NA,"Curriculum & Instructional Process Program","Cluster quasi-experiment","K-1","Lower","2 years","More than 1 year",NA,"Y","N",3,5,NA,151,205,"Comprehension","Durrell Oral",NA,0.19,381,73,57,1,0,0,0,0,1,0,0,0,1,1,0,1,0,0,1,0,0,1,0,0,0,0,0,0,0,1,0,0,0,1,0
"382","Success for All","Ross & Casey (1998b)","0",1998,"5",NA,"Curriculum & Instructional Process Program","Cluster quasi-experiment","K-1","Lower","2 years","More than 1 year",NA,"Y","N",3,5,NA,151,205,"Alphabetics","Woodcock
Word Attack",NA,0.46,382,73,57,1,0,0,0,0,1,0,0,0,1,1,0,1,0,0,1,0,0,0,1,0,0,0,0,0,0,1,0,0,0,1,0
"383","Success for All","Ross, Wang, Sanders & Wright (1999)","0",1999,"5",NA,"Curriculum & Instructional Process Program","Cluster quasi-experiment","3-5","Upper","3 years","More than 1 year",NA,"Y","Y",8,33,NA,2328,9603,"Comprehension","Terra Nova or CTBS-5",NA,0.72,383,74,57,1,0,0,0,1,0,0,0,0,1,1,1,0,0,0,1,0,0,1,0,0,0,0,0,0,0,1,0,0,0,1,0
"385","Success in Sight","Wilkerson, Shannon, Styers, & Grant (2012)","NCEE",2012,"7",NA,"Teacher-Focused Intervention","Cluster randomized","3-5","Upper","2 years","More than 1 year",NA,"N","N",26,26,NA,4403,3779,"Achievement","State standardized tests",NA,-0.01,385,75,58,1,1,0,1,1,0,0,0,0,1,0,0,1,0,1,0,0,1,0,0,0,0,0,0,0,0,0,0,0,0,1,0
"388","SuccessMaker","Gatti, G. G. (2011). Pearson SuccessMaker","0",2011,"3",NA,"Supplemental Curricula","Cluster randomized","3, 5","Upper","1 year","One year",NA,"N","N",24,23,NA,352,267,"Comprehension","GRADE","3",0.16,388,76,59,1,1,0,0,1,0,0,1,0,0,0,0,1,0,1,0,0,0,1,0,0,0,0,1,0,0,0,0,0,0,1,0
"389","SuccessMaker","Gatti, G. G. (2011). Pearson SuccessMaker","0",2011,"3",NA,"Supplemental Curricula","Cluster randomized","3, 5","Upper","1 year","One year",NA,"N","N",24,23,NA,342,299,"Comprehension","GRADE","5",0.06,389,76,59,1,1,0,0,1,0,0,1,0,0,0,0,1,0,1,0,0,0,1,0,0,0,0,1,0,0,0,0,0,0,1,0
"398","Teacher Study Group","Gersten et al. (2010)","1",2010,"7",NA,"Teacher-Focused Intervention","Cluster randomized","1","Lower","1 year","One year",NA,"NR","NR",10,9,NA,217,251,"Alphabetics","WDRB: LWID",NA,0.21,398,77,61,1,1,1,0,0,1,0,1,0,0,0,0,0,1,0,0,1,0,0,1,0,0,0,0,0,0,0,0,0,0,1,0
"399","Teacher Study Group","Gersten et al. (2010)","1",2010,"7",NA,"Teacher-Focused Intervention","Cluster randomized","1","Lower","1 year","One year",NA,"NR","NR",10,9,NA,217,251,"Comprehension","WDRB: Passage Comprehension",NA,0.13,399,77,61,1,1,1,0,0,1,0,1,0,0,0,0,0,1,0,0,1,0,1,0,0,0,0,0,0,0,0,0,0,0,1,0
"400","Teacher Study Group","Gersten et al. (2010)","1",2010,"7",NA,"Teacher-Focused Intervention","Cluster randomized","1","Lower","1 year","One year",NA,"NR","NR",10,9,NA,217,251,"Alphabetics","WDRB
Word Attack",NA,0.13,400,77,61,1,1,1,0,0,1,0,1,0,0,0,0,0,1,0,0,1,0,0,1,0,0,0,0,0,0,0,0,0,0,1,0
"401","Teacher Study Group","Gersten et al. (2010)","1",2010,"7",NA,"Teacher-Focused Intervention","Cluster randomized","1","Lower","1 year","One year",NA,"NR","NR",10,9,NA,217,251,"Alphabetics","WDRB: Reading Vocabulary",NA,0.21,401,77,61,1,1,1,0,0,1,0,1,0,0,0,0,0,1,0,0,1,0,0,1,0,0,0,0,0,0,0,0,0,0,1,0
"413","Waterford Early Reading Program","Campuzano et al. (2009)","NCEE",2009,"3",NA,"Supplemental Curricula","Cluster randomized","1","Lower","1 year","One year","0","N","N",11,9,NA,689,466,"Achievement","SAT-10",NA,0.02,413,78,63,1,1,0,1,0,1,0,1,0,0,1,0,1,0,1,0,0,1,0,0,0,0,0,1,0,0,0,0,0,0,1,0
"415","Waterford Early Reading Program","Magnolia (2012)","0",2012,"3",NA,"Supplemental Curricula","Cluster randomized","k,1,2","Lower","2 years","More than 1 year",NA,"N","N",33,24,NA,447,282,"Achievement","SAT-10",NA,0.11,415,79,63,1,1,0,0,0,1,0,0,0,1,0,0,1,0,1,0,0,1,0,0,0,0,0,1,0,0,0,0,0,0,1,0
